<metadata xmlns:xs="http://www.w3.org/2001/XMLSchema" xmlns:fn="http://www.w3.org/2005/xpath-functions" xmlns:xdt="http://www.w3.org/2005/xpath-datatypes"><idinfo><citation><citeinfo><origin>New York State Department of Environmental Conservation</origin><pubdate>20080601</pubdate><title>AA and AAs Watersheds - New York State (NYSDEC)</title><geoform>vector digital data</geoform><pubinfo><pubplace>Albany, NY</pubplace><publish>New York State Department of Environmental Conservation</publish></pubinfo></citeinfo></citation><descript><abstract>AA and AAs classified watersheds in New York State</abstract><purpose>This dataset is provided as an approximation of the drainage areas of water bodies classified as AA and AAs in Title 6 of the Official Compilation of Codes, Rules and Regulations of the State of New York (6NYCRR) Part 800 et seq. and their tributaries. The information contained in this dataset is provisional and is subject to change based on field verification of draft watershed boundary delineations and/or change in waterbody classification.</purpose><supplinf>These data should be considered as a resource intended to provide approximate locations of watershed boundaries associated with AA and AAs classified waterbodies and their tributaries. Accuracy and precision of this product are limited by positional accuracy and precision of source data, the limitations of GIS-based descriptions of topographical features, as well as man-made drainage controls due to urbanization. In complex conditions field verification of boundaries may be required to satisfy eligibility requirements set forth in Part I.D. of the SPDES General Permit for Construction Activity (GP-0-10-001).</supplinf></descript><timeperd><timeinfo><sngdate><caldate>20080601</caldate></sngdate></timeinfo><current>publication date</current></timeperd><status><progress>Complete</progress><update>Unknown</update></status><spdom><bounding><westbc>-79.414613</westbc><eastbc>-73.197503</eastbc><northbc>45.022608</northbc><southbc>40.839010</southbc></bounding></spdom><keywords><theme><themekt>ISO 19115 Topic Category</themekt><themekey>inlandWaters</themekey><themekey>012</themekey><themekey>boundaries</themekey><themekey>003</themekey></theme><theme><themekt>None</themekt><themekey>custodial</themekey><themekey>watershed</themekey><themekey>AA</themekey><themekey>AAs</themekey><themekey>boundary</themekey><themekey>waterbody</themekey><themekey>tributary</themekey></theme><place><placekt>Geographic Names Information System   http://geonames.usgs.gov/pls/gnispublic</placekt><placekey>New York State</placekey></place></keywords><accconst>None</accconst><useconst>
1. The NYS DEC asks to be credited in derived products.
2. Secondary Distribution of the data is not allowed.
3. Any documentation provided is an integral part of the data set.  Failure to use the documentation in conjunction with the digital data constitutes misuse of the data.
4. Although every effort has been made to ensure the accuracy of information, errors may be reflected in the data supplied.  The user must be aware of data conditions and bear responsibility for the appropriate use of the information with respect to possible errors, original map scale, collection methodology, currency of data, and other conditions.
</useconst><ptcontac><cntinfo><cntorgp><cntorg>New York State Department of Environmental Conservation</cntorg><cntper>Division of Water; Water Permits</cntper></cntorgp><cntaddr><addrtype>mailing and physical address</addrtype><address>625 Broadway</address><address>4th floor</address><city>Albany</city><state>NY</state><postal>12233-3505</postal><country>USA</country></cntaddr><cntvoice>(518) 402-8111</cntvoice><cntfax>(518) 402-9029</cntfax><cntemail>dowperm@gw.dec.state.ny.us</cntemail></cntinfo></ptcontac><secinfo><secsys>None</secsys><secclass>Unclassified</secclass><sechandl>None</sechandl></secinfo><native>Microsoft Windows XP Version 5.1 (Build 2600) Service Pack 3; ESRI ArcCatalog 9.3.1.3500</native></idinfo><dataqual><logic>None</logic><complete>None</complete><lineage><procstep><procdesc>AA and AAs waterbodies were extracted from a shapefile of water quality classifications published 7/10/2007 by NYS Department of Environmental Conservation, Division of Water, Bureau of Flood Protection and Dam Safety. A subset of watersheds associated with AA and AAs classified waterbodies was selected from Digital Data Drainage Basins for New York (Revision 1.0), a provisional dataset published 2002 by USGS Troy, New York. Extents of watersheds provided in the USGS dataset were edited by Christina Falk, General Permits, Division of Water, NYSDEC, to exclude areas downstream of the AA and AAs water bodies and their tributaries using contours from USGS 7.5 minute topographic images, orthoimagery and digital elevation models. Areas and perimeters of edited polygons were recalculated using the ArcMap v 9.2 editor field calculator.</procdesc><procdate>20080601</procdate></procstep><procstep><procdesc>The dataset was projected from NAD 27 UTM Zone 18N to NAD83 UTM Zone 18N.</procdesc><procdate>20081017</procdate></procstep></lineage></dataqual><spdoinfo><direct>Vector</direct><ptvctinf><sdtsterm><sdtstype>G-polygon</sdtstype><ptvctcnt>2575</ptvctcnt></sdtsterm><sdtsterm><sdtstype>Label point</sdtstype><ptvctcnt>10654</ptvctcnt></sdtsterm><sdtsterm><sdtstype>GT-polygon composed of chains</sdtstype><ptvctcnt>10654</ptvctcnt></sdtsterm><sdtsterm><sdtstype>Point</sdtstype><ptvctcnt>1475</ptvctcnt></sdtsterm><sdtsterm><sdtstype>Label point</sdtstype></sdtsterm></ptvctinf></spdoinfo><spref><horizsys><planar><gridsys><gridsysn>Universal Transverse Mercator</gridsysn><utm><utmzone>18</utmzone><transmer><sfctrmer>0.999600</sfctrmer><longcm>-75.000000</longcm><latprjo>0.000000</latprjo><feast>500000.000000</feast><fnorth>0.000000</fnorth></transmer></utm></gridsys><planci><plance>coordinate pair</plance><coordrep><absres>0.000060</absres><ordres>0.000060</ordres></coordrep><plandu>meters</plandu></planci></planar><geodetic><horizdn>North American Datum of 1983</horizdn><ellips>Geodetic Reference System 80</ellips><semiaxis>6378137.000000</semiaxis><denflat>298.257222</denflat></geodetic></horizsys><vertdef><altsys><altdatum>NA</altdatum><altres>1.000000</altres><altunits>NA</altunits><altenc>Explicit elevation coordinate included with horizontal coordinates</altenc></altsys></vertdef></spref><eainfo><detailed><enttyp><enttypl>aa_aas_watersheds</enttypl><enttypd>Polygon Feature Class</enttypd><enttypds>ESRI</enttypds></enttyp><attr><attrlabl>SHAPE</attrlabl><attrdef>Feature geometry</attrdef><attrdefs>ESRI</attrdefs><attrdomv><udom>Coordinates defining the features.</udom></attrdomv></attr><attr><attrlabl>AREA_MI</attrlabl><attrdef>Area in square miles.</attrdef><attrdefs>NYSDEC</attrdefs><attrdomv><udom>Computed</udom></attrdomv></attr><attr><attrlabl>NYBASINS_</attrlabl><attrdef>Internal feature number, preserved from source data.</attrdef><attrdefs>NYSDEC</attrdefs><attrdomv><udom>Sequential unique whole numbers that are automatically generated.</udom></attrdomv></attr><attr><attrlabl>SHAPE.AREA</attrlabl><attrdef>Feature area in square coverage units.</attrdef><attrdefs>ESRI</attrdefs><attrdomv><udom>Computed</udom></attrdomv></attr><attr><attrlabl>SHAPE.LEN</attrlabl><attrdef>Feature length in square coverage units.</attrdef><attrdefs>ESRI</attrdefs><attrdomv><udom>Computed</udom></attrdomv></attr><attr><attrlabl>OBJECTID</attrlabl><attrdef>Internal feature number.</attrdef><attrdefs>ESRI</attrdefs><attrdomv><udom>Sequential unique whole numbers that are automatically generated.</udom></attrdomv></attr><attr><attrlabl>NYBASINS_I</attrlabl><attrdef>Internal feature number, preserved from source data.</attrdef><attrdefs>NYSDEC</attrdefs><attrdomv><udom>Sequential unique whole numbers that are automatically generated.</udom></attrdomv></attr></detailed></eainfo><distinfo><distrib><cntinfo><cntorgp><cntorg>New York State Department of Environmental Conservation</cntorg><cntper>Division of Information Services; GIS Unit</cntper></cntorgp><cntaddr><addrtype>mailing and physical address</addrtype><address>625 Broadway</address><address>3rd floor</address><city>Albany</city><state>NY</state><postal>12233-2750</postal><country>USA</country></cntaddr><cntvoice>(518) 402-9860</cntvoice><cntfax>(518) 402-9031</cntfax><cntemail>enterpriseGIS@gw.dec.state.ny.us</cntemail></cntinfo></distrib><resdesc>AA and AAs Watersheds - New York State (NYSDEC)</resdesc><distliab>The New York State Department of Environmental Conservation (NYSDEC) provides these geographic data "as is".  NYSDEC makes no guarantee or warranty concerning the accuracy of information contained in the geographic data.  NYSDEC further makes no warranty, either expressed or implied, regarding the condition of the product or its fitness for any particular purpose.  The burden for determining fitness for use lies entirely with the user.  Although these data have been processed successfully on a computer system at NYSDEC, no warranty expressed or implied is made regarding the accuracy or utility of the data on any other system or for general or scientific purposes.  This disclaimer applies both to individual use of the data and aggregate use with other data.  It is strongly recommended that careful attention be paid to the contents of the metadata file associated with these data.  NYSDEC shall not be held liable for improper or incorrect use of the data described and/or contained herein.</distliab></distinfo><metainfo><metd>20101228</metd><metc><cntinfo><cntorgp><cntorg>New York State Department of Environmental Conservation</cntorg><cntper>Division of Information Services; GIS Unit</cntper></cntorgp><cntaddr><addrtype>mailing and physical address</addrtype><address>625 Broadway</address><address>3rd floor</address><city>Albany</city><state>NY</state><postal>12233-2750</postal><country>USA</country></cntaddr><cntvoice>(518) 402-9860</cntvoice><cntfax>(518) 402-9031</cntfax><cntemail>enterpriseGIS@gw.dec.state.ny.us</cntemail></cntinfo></metc><metstdn>FGDC Content Standards for Digital Geospatial Metadata</metstdn><metstdv>FGDC-STD-001-1998</metstdv><mettc>local time</mettc><metextns><onlink>http://www.esri.com/metadata/esriprof80.html</onlink><metprof>ESRI Metadata Profile</metprof></metextns></metainfo></metadata>